id,Name,Date,Timestamp,Place,In Time,Total
1,Aylmer Vickery,19-03-22,Sat,Jantar Mantar,13:26,10
2,Lari Rival,17-03-22,Thu,Qutub Minar,09:54,11
3,Calv Gartin,04-03-22,Fri,Jantar Mantar,13:24,5
4,Magdalene Guirau,05-03-22,Sat,Qutub Minar,16:40,7
5,Abraham Tidmarsh,10-03-22,Thu,Qutub Minar,15:46,12
6,Iggy Riccardini,23-03-22,Wed,Red Fort,10:00,10
7,Karisa Caillou,24-03-22,Thu,Red Fort,11:02,2
8,Stesha Brezlaw,17-03-22,Thu,Safdarjung Tomb,10:11,1
9,Tirrell Bernocchi,06-03-22,Sun,Jantar Mantar,15:16,14
10,Millisent Snap,22-03-22,Tue,Red Fort,16:41,6
11,Augusta Mayer,04-03-22,Fri,Qutub Minar,10:17,11
12,Gabriellia Gurnell,16-03-22,Wed,Prurana Qila,13:18,1
13,Elonore Wyldbore,08-03-22,Tue,Prurana Qila,10:37,10
14,Else Croston,11-03-22,Fri,Humayuns Tomb,09:31,1
15,Carolyne Thurlow,15-03-22,Tue,Safdarjung Tomb,16:19,2
16,Dorry Gorgen,19-03-22,Sat,Safdarjung Tomb,12:41,15
17,Kitty Garrood,13-03-22,Sun,Jantar Mantar,11:43,15
18,Stacy Hinners,16-03-22,Wed,Safdarjung Tomb,12:20,9
19,Gualterio Thoma,09-03-22,Wed,Jantar Mantar,15:40,14
20,Cher McMillam,18-03-22,Fri,Qutub Minar,14:51,6
21,Shae Broxton,23-03-22,Wed,Prurana Qila,12:06,7
22,Claudius Colecrough,15-03-22,Tue,Qutub Minar,11:48,8
23,Haily Matzen,21-03-22,Mon,Prurana Qila,15:44,11
24,Aubry MacCoughan,22-03-22,Tue,Akshardham Temple,14:13,8
25,Omero Sember,08-03-22,Tue,Jantar Mantar,14:12,14
26,Minny Pirrey,24-03-22,Thu,Red Fort,11:26,15
27,Rolfe Mattecot,02-03-22,Wed,Humayuns Tomb,14:56,9
28,Alie Stanion,03-03-22,Thu,Qutub Minar,10:06,15
29,Gualterio Yanukhin,10-03-22,Thu,Prurana Qila,10:47,12
30,Omero Gore,02-03-22,Wed,Red Fort,12:28,13
31,Chuck McDugal,15-03-22,Tue,Akshardham Temple,13:50,12
32,Mireielle Moriarty,17-03-22,Thu,Jantar Mantar,16:32,7
33,Goldie Chelam,22-03-22,Tue,Red Fort,10:15,8
34,Teresina Bitcheno,11-03-22,Fri,Qutub Minar,13:50,10
35,Jean Gommey,08-03-22,Tue,Jantar Mantar,10:24,9
36,Annadiana Lohering,21-03-22,Mon,Red Fort,14:26,9
37,Byrle de Villier,17-03-22,Thu,Jantar Mantar,10:27,7
38,Winne Ruckhard,15-03-22,Tue,Qutub Minar,15:21,13
39,Federica Bienvenu,14-03-22,Mon,Red Fort,13:38,13
40,Bria Lune,14-03-22,Mon,Jantar Mantar,13:44,12
41,Simone Siege,23-03-22,Wed,Jantar Mantar,12:25,9
42,Hanson Grinter,05-03-22,Sat,Akshardham Temple,16:43,1
43,Bink Jeannaud,13-03-22,Sun,Red Fort,13:38,11
44,Agata Pougher,13-03-22,Sun,Safdarjung Tomb,16:16,4
45,Joyann Piperley,20-03-22,Sun,Jantar Mantar,12:03,13
46,Jodie Flye,21-03-22,Mon,Safdarjung Tomb,13:25,3
47,Paulita Phillippo,13-03-22,Sun,Red Fort,16:10,14
48,Rudolph Gibke,09-03-22,Wed,Red Fort,11:05,12
49,Harv Watton,13-03-22,Sun,Humayuns Tomb,12:23,1
50,Larissa MacMurray,01-03-22,Tue,Humayuns Tomb,13:23,10
51,Doris Blampy,10-03-22,Thu,Safdarjung Tomb,09:55,2
52,Val Lister,07-03-22,Mon,Akshardham Temple,13:02,10
53,Valene Rahl,03-03-22,Thu,Safdarjung Tomb,11:17,1
54,Mathias Nicolson,06-03-22,Sun,Akshardham Temple,10:45,11
55,Ashley Eadmeades,01-03-22,Tue,Akshardham Temple,13:55,1
56,Lu Heugle,22-03-22,Tue,Jantar Mantar,10:25,9
57,Delano Teasdale,11-03-22,Fri,Red Fort,15:16,1
58,Anne-marie Harrop,03-03-22,Thu,Akshardham Temple,13:39,7
59,Lefty Crummay,14-03-22,Mon,Qutub Minar,11:14,13
60,Margarethe Dawber,21-03-22,Mon,Jantar Mantar,12:51,13
61,Bartolomeo Cratere,13-03-22,Sun,Safdarjung Tomb,10:09,13
62,Lemar Jedrachowicz,20-03-22,Sun,Akshardham Temple,12:01,14
63,Cindra Skull,16-03-22,Wed,Prurana Qila,16:02,11
64,Merwin Doggrell,06-03-22,Sun,Akshardham Temple,11:18,12
65,Karyl Bartholomieu,12-03-22,Sat,Jantar Mantar,10:53,9
66,Eolande Wicklin,11-03-22,Fri,Prurana Qila,11:36,10
67,Gayler Cowburn,12-03-22,Sat,Prurana Qila,12:21,7
68,Dud Calderbank,07-03-22,Mon,Jantar Mantar,14:54,15
69,Dexter Ricca,18-03-22,Fri,Jantar Mantar,13:08,6
70,Duane Grinaway,18-03-22,Fri,Akshardham Temple,14:51,9
71,Elladine Wharrier,18-03-22,Fri,Red Fort,10:11,7
72,Cirillo Cowpland,11-03-22,Fri,Red Fort,13:55,7
73,Kristien Fontanet,01-03-22,Tue,Humayuns Tomb,09:20,10
74,Diarmid Gierardi,04-03-22,Fri,Prurana Qila,12:44,8
75,Georgianne Jickles,13-03-22,Sun,Akshardham Temple,16:45,1
76,Erich Cranna,23-03-22,Wed,Prurana Qila,11:22,8
77,Sunny Horley,20-03-22,Sun,Jantar Mantar,16:00,1
78,Vanessa Hetterich,10-03-22,Thu,Safdarjung Tomb,12:36,5
79,Blake Andrioni,06-03-22,Sun,Akshardham Temple,15:31,1
80,Aluin Stappard,09-03-22,Wed,Safdarjung Tomb,09:16,13
81,Fredelia Curreen,01-03-22,Tue,Qutub Minar,15:30,10
82,Pansy Coey,12-03-22,Sat,Qutub Minar,14:38,12
83,Paolo Tomlinson,23-03-22,Wed,Safdarjung Tomb,16:57,13
84,Salem Le Lievre,04-03-22,Fri,Safdarjung Tomb,12:35,3
85,Roarke Bowdidge,24-03-22,Thu,Humayuns Tomb,14:48,13
86,Tris Mossdale,09-03-22,Wed,Qutub Minar,11:35,5
87,Wye Scroxton,04-03-22,Fri,Humayuns Tomb,10:52,9
88,Mollee Goldfinch,17-03-22,Thu,Akshardham Temple,14:15,11
89,Malanie Dow,04-03-22,Fri,Prurana Qila,15:15,13
90,Kingsley Kersey,13-03-22,Sun,Jantar Mantar,10:09,7
91,Julee Shearmur,21-03-22,Mon,Prurana Qila,10:41,10
92,Travus Matussevich,20-03-22,Sun,Red Fort,11:37,2
93,Susanne Coultar,07-03-22,Mon,Humayuns Tomb,11:58,2
94,Stacee Goldthorp,16-03-22,Wed,Jantar Mantar,13:02,7
95,Svend Brokenshaw,22-03-22,Tue,Red Fort,10:28,1
96,Jocelyn Sabin,13-03-22,Sun,Akshardham Temple,13:25,2
97,Wilhelm Tyreman,06-03-22,Sun,Red Fort,14:37,5
98,Wilbert Matzke,11-03-22,Fri,Qutub Minar,11:31,2
99,Fonz McGlaughn,04-03-22,Fri,Jantar Mantar,09:18,8
100,Shelly Loges,16-03-22,Wed,Akshardham Temple,13:41,13
101,Terence Eusden,05-03-22,Sat,Akshardham Temple,11:28,6
102,Juliette Faas,11-03-22,Fri,Red Fort,13:46,14
103,Laurie Coy,24-03-22,Thu,Red Fort,12:31,8
104,Winny Maund,14-03-22,Mon,Akshardham Temple,11:21,15
105,Elfreda Drewett,04-03-22,Fri,Humayuns Tomb,16:28,15
106,Clarita Bredee,06-03-22,Sun,Qutub Minar,09:59,12
107,Kamilah Jahncke,03-03-22,Thu,Safdarjung Tomb,10:05,7
108,Hilda Oakland,01-03-22,Tue,Jantar Mantar,11:11,11
109,Marys Biaggioli,18-03-22,Fri,Jantar Mantar,09:16,7
110,Camel Colleer,21-03-22,Mon,Akshardham Temple,12:35,9
111,Constantin Heppner,04-03-22,Fri,Red Fort,15:28,10
112,Peggie Mac Giany,21-03-22,Mon,Red Fort,16:14,2
113,Basilius Brett,17-03-22,Thu,Qutub Minar,12:11,15
114,Jacquetta Skeermer,10-03-22,Thu,Safdarjung Tomb,12:36,10
115,Connie Boumphrey,02-03-22,Wed,Red Fort,13:04,2
116,Janene Gealle,18-03-22,Fri,Qutub Minar,14:33,2
117,Jessey Kose,07-03-22,Mon,Safdarjung Tomb,16:07,10
118,Kenneth Scalera,16-03-22,Wed,Prurana Qila,10:27,6
119,Hobey Penrice,13-03-22,Sun,Jantar Mantar,09:27,5
120,Bamby Van Cassel,05-03-22,Sat,Prurana Qila,13:21,11
121,Felizio Nanetti,08-03-22,Tue,Qutub Minar,13:55,3
122,Druci Pettman,13-03-22,Sun,Safdarjung Tomb,09:31,12
123,Lucy Baldree,06-03-22,Sun,Prurana Qila,09:51,5
124,Aryn Hellings,22-03-22,Tue,Safdarjung Tomb,14:33,5
125,Jacquelynn Vlasin,14-03-22,Mon,Akshardham Temple,13:26,6
126,Cozmo Brash,11-03-22,Fri,Prurana Qila,13:03,3
127,Boniface Shipp,05-03-22,Sat,Jantar Mantar,12:19,8
128,Garvey Palliser,15-03-22,Tue,Prurana Qila,15:40,11
129,Grata Lavigne,03-03-22,Thu,Akshardham Temple,12:29,3
130,Darbee Seeler,18-03-22,Fri,Akshardham Temple,14:33,6
131,Chandra Scutter,23-03-22,Wed,Safdarjung Tomb,16:46,12
132,Cleavland Thurlby,04-03-22,Fri,Humayuns Tomb,14:02,10
133,Palmer Meegan,22-03-22,Tue,Akshardham Temple,11:35,11
134,Ashlan Fosberry,11-03-22,Fri,Humayuns Tomb,15:11,9
135,John Petrak,04-03-22,Fri,Jantar Mantar,10:07,4
136,Gherardo Riddell,10-03-22,Thu,Red Fort,12:52,1
137,Barbra Willett,15-03-22,Tue,Prurana Qila,16:19,8
138,Isa Batchelar,14-03-22,Mon,Prurana Qila,12:03,12
139,Thelma Bagster,12-03-22,Sat,Humayuns Tomb,15:10,13
140,Belva Halpen,08-03-22,Tue,Humayuns Tomb,14:55,13
141,Margot Isaacson,23-03-22,Wed,Humayuns Tomb,16:50,10
142,Dom Sancias,09-03-22,Wed,Safdarjung Tomb,15:28,10
143,Gretel Belchem,15-03-22,Tue,Safdarjung Tomb,11:33,12
144,Babs Teligin,02-03-22,Wed,Qutub Minar,13:09,8
145,Madlen Koles,13-03-22,Sun,Safdarjung Tomb,09:39,4
146,Joan Ebdon,24-03-22,Thu,Jantar Mantar,11:56,15
147,Wernher Davio,03-03-22,Thu,Prurana Qila,12:10,8
148,Isadore Dawidowsky,20-03-22,Sun,Jantar Mantar,16:01,10
149,Valentin Pactat,16-03-22,Wed,Qutub Minar,16:42,15
150,Cari L'Archer,10-03-22,Thu,Jantar Mantar,15:27,7
151,Jacenta Delamaine,19-03-22,Sat,Akshardham Temple,16:21,3
152,Garrek MacVicar,03-03-22,Thu,Safdarjung Tomb,15:09,6
153,Nerty Tiddeman,20-03-22,Sun,Akshardham Temple,15:52,9
154,Elvina Vasse,06-03-22,Sun,Qutub Minar,10:59,8
155,Maurice Cod,17-03-22,Thu,Red Fort,15:02,6
156,Billy Phizakarley,23-03-22,Wed,Jantar Mantar,14:40,2
157,Obed Blay,07-03-22,Mon,Akshardham Temple,13:46,13
158,Sarene Breens,04-03-22,Fri,Red Fort,14:48,14
159,Cord Byne,17-03-22,Thu,Akshardham Temple,14:52,9
160,Wit Skippon,10-03-22,Thu,Qutub Minar,14:02,2
161,Jesse Mitro,07-03-22,Mon,Prurana Qila,16:31,6
162,Tanya Apedaile,16-03-22,Wed,Prurana Qila,10:37,11
163,Paulie Foran,22-03-22,Tue,Humayuns Tomb,15:30,13
164,Barbara-anne McNirlin,05-03-22,Sat,Akshardham Temple,15:45,15
165,Regine Harwick,16-03-22,Wed,Akshardham Temple,12:02,5
166,Ann Slocumb,18-03-22,Fri,Jantar Mantar,16:37,2
167,Willard Iacobucci,19-03-22,Sat,Jantar Mantar,10:59,7
168,Guillaume Gunthorpe,20-03-22,Sun,Prurana Qila,10:14,4
169,Delora Stute,02-03-22,Wed,Akshardham Temple,16:38,4
170,Hollie Tinan,19-03-22,Sat,Red Fort,15:29,2
171,Aurelea Le Franc,07-03-22,Mon,Red Fort,13:43,7
172,Susannah Oake,01-03-22,Tue,Safdarjung Tomb,10:05,9
173,Magda Weldrake,13-03-22,Sun,Safdarjung Tomb,15:57,13
174,Annmaria De Mattia,02-03-22,Wed,Qutub Minar,11:49,1
175,Thomasa Shotboult,13-03-22,Sun,Qutub Minar,14:06,8
176,Berky Thurner,04-03-22,Fri,Humayuns Tomb,15:48,1
177,Finley Haighton,04-03-22,Fri,Jantar Mantar,12:25,6
178,Stefan Fairfoull,19-03-22,Sat,Akshardham Temple,11:46,6
179,Samuel Drewett,24-03-22,Thu,Qutub Minar,14:18,5
180,Silvester Laherty,18-03-22,Fri,Akshardham Temple,16:29,3
181,Solly Ashment,13-03-22,Sun,Humayuns Tomb,10:41,13
182,Kora Curtois,17-03-22,Thu,Red Fort,11:34,5
183,Buckie Lomis,02-03-22,Wed,Safdarjung Tomb,14:49,11
184,Lawry Daal,12-03-22,Sat,Humayuns Tomb,15:12,14
185,Guinevere Bytheway,16-03-22,Wed,Qutub Minar,15:10,1
186,Chiquia Mathieu,21-03-22,Mon,Red Fort,11:08,7
187,Bondy Fison,20-03-22,Sun,Akshardham Temple,10:11,6
188,Ladonna Macon,05-03-22,Sat,Jantar Mantar,10:14,1
189,Desmond Alanbrooke,07-03-22,Mon,Prurana Qila,12:32,4
190,Marguerite Cronchey,05-03-22,Sat,Akshardham Temple,09:57,14
191,Meridel Laming,15-03-22,Tue,Red Fort,10:13,7
192,Daria Stenners,19-03-22,Sat,Red Fort,14:33,4
193,Jodi Towhey,18-03-22,Fri,Humayuns Tomb,14:38,14
194,Dillie Ratie,09-03-22,Wed,Qutub Minar,10:43,1
195,Josie Daniell,20-03-22,Sun,Red Fort,13:25,15
196,Nissa Tremellier,14-03-22,Mon,Humayuns Tomb,11:49,4
197,Gwenni Abelson,07-03-22,Mon,Akshardham Temple,14:48,4
198,Sari Blezard,19-03-22,Sat,Red Fort,12:22,13
199,Ange Gyford,17-03-22,Thu,Humayuns Tomb,09:42,6
200,Chalmers Berney,24-03-22,Thu,Humayuns Tomb,11:23,14
201,Ferd Joicey,11-03-22,Fri,Akshardham Temple,10:22,4
202,Roseanne Bentje,14-03-22,Mon,Humayuns Tomb,14:04,15
203,Goldia Kissack,11-03-22,Fri,Humayuns Tomb,13:46,12
204,Danit Roomes,05-03-22,Sat,Akshardham Temple,09:03,10
205,Jamaal Tessington,07-03-22,Mon,Humayuns Tomb,09:00,1
206,Katine Christophersen,12-03-22,Sat,Safdarjung Tomb,13:22,12
207,Roby Woodnutt,10-03-22,Thu,Jantar Mantar,13:05,4
208,Jasen Newcom,24-03-22,Thu,Humayuns Tomb,10:26,7
209,Minny Williams,14-03-22,Mon,Safdarjung Tomb,14:35,11
210,Teodora Streets,24-03-22,Thu,Akshardham Temple,10:33,15
211,Philbert Rowan,16-03-22,Wed,Humayuns Tomb,10:04,2
212,Merridie Sapir,16-03-22,Wed,Red Fort,13:07,7
213,Lilith Duly,02-03-22,Wed,Qutub Minar,16:03,15
214,Lovell Kupisz,03-03-22,Thu,Jantar Mantar,11:57,4
215,Zilvia Mattis,17-03-22,Thu,Safdarjung Tomb,09:42,5
216,Rodge Radcliffe,17-03-22,Thu,Humayuns Tomb,09:24,1
217,Errick De Blasi,08-03-22,Tue,Prurana Qila,14:40,1
218,Rhody McPartling,09-03-22,Wed,Qutub Minar,09:27,14
219,Rozanne Weatherell,08-03-22,Tue,Qutub Minar,13:07,2
220,Marlow O'Grogane,15-03-22,Tue,Prurana Qila,11:09,2
221,Susie Haslewood,14-03-22,Mon,Akshardham Temple,13:54,8
222,Carlie Kettlestringe,05-03-22,Sat,Safdarjung Tomb,15:49,3
223,Krystle Cardinale,03-03-22,Thu,Red Fort,14:40,12
224,Alleen Rand,09-03-22,Wed,Qutub Minar,09:11,10
225,Paola Skrines,17-03-22,Thu,Prurana Qila,13:49,7
226,Dunstan Bottrell,20-03-22,Sun,Safdarjung Tomb,09:00,13
227,Florie Furniss,02-03-22,Wed,Jantar Mantar,15:09,10
228,Richie Birkhead,10-03-22,Thu,Qutub Minar,16:33,9
229,Chiquita Ryott,07-03-22,Mon,Safdarjung Tomb,14:17,10
230,Adina Guilayn,07-03-22,Mon,Qutub Minar,16:55,6
231,Deena Banting,17-03-22,Thu,Prurana Qila,13:54,3
232,Fae Hefferan,03-03-22,Thu,Jantar Mantar,14:25,11
233,Mureil Scarff,03-03-22,Thu,Prurana Qila,11:36,13
234,Ashia Gronav,08-03-22,Tue,Safdarjung Tomb,14:32,12
235,Zia Oloshkin,09-03-22,Wed,Humayuns Tomb,12:20,15
236,Bevvy Hadlow,16-03-22,Wed,Prurana Qila,12:35,15
237,Wes Snozzwell,02-03-22,Wed,Prurana Qila,15:26,11
238,Bendicty Lord,21-03-22,Mon,Safdarjung Tomb,12:14,5
239,Allix Gabbatt,02-03-22,Wed,Red Fort,10:27,7
240,Inga Gammade,23-03-22,Wed,Akshardham Temple,09:33,1
241,Liane Tuckerman,13-03-22,Sun,Qutub Minar,16:30,1
242,Julienne Knivett,02-03-22,Wed,Akshardham Temple,11:55,10
243,Tammara Tither,19-03-22,Sat,Safdarjung Tomb,16:20,4
244,Horton Tourle,15-03-22,Tue,Akshardham Temple,16:08,7
245,Sheela Sealey,02-03-22,Wed,Akshardham Temple,15:16,3
246,Jolyn Edmund,03-03-22,Thu,Safdarjung Tomb,13:51,13
247,Rina Tarney,17-03-22,Thu,Humayuns Tomb,11:55,9
248,Claire Abbotson,03-03-22,Thu,Prurana Qila,09:44,14
249,Jacklin Vowells,03-03-22,Thu,Akshardham Temple,11:17,2
250,Aeriell Harcourt,20-03-22,Sun,Qutub Minar,09:10,13
251,Jasper Auten,17-03-22,Thu,Akshardham Temple,11:05,4
252,Inge Carlo,03-03-22,Thu,Prurana Qila,09:48,1
253,Torrence Longea,12-03-22,Sat,Humayuns Tomb,12:51,8
254,Nan Fyers,23-03-22,Wed,Humayuns Tomb,09:13,14
255,Melisenda Glanvill,21-03-22,Mon,Humayuns Tomb,15:25,15
256,Angelle Kliesl,14-03-22,Mon,Red Fort,12:01,7
257,Siouxie Uwins,11-03-22,Fri,Qutub Minar,14:09,8
258,Bernadine Cornfoot,05-03-22,Sat,Safdarjung Tomb,09:24,10
259,Murvyn St Louis,03-03-22,Thu,Humayuns Tomb,14:06,5
260,Killy Pyatt,14-03-22,Mon,Qutub Minar,10:37,3
261,Heindrick Shubotham,04-03-22,Fri,Safdarjung Tomb,09:33,9
262,Dallon Tender,07-03-22,Mon,Qutub Minar,14:57,4
263,Jodie Sket,01-03-22,Tue,Prurana Qila,15:29,1
264,Park Haccleton,02-03-22,Wed,Qutub Minar,13:10,1
265,Pearline Olech,18-03-22,Fri,Prurana Qila,10:01,11
266,Chandler De Fraine,21-03-22,Mon,Akshardham Temple,14:59,13
267,Ketty O'Gready,21-03-22,Mon,Humayuns Tomb,11:47,15
268,Bartlett Gilffilland,02-03-22,Wed,Prurana Qila,12:38,3
269,Griswold Lukacs,03-03-22,Thu,Qutub Minar,16:20,1
270,Adriaens Bugge,05-03-22,Sat,Prurana Qila,14:18,9
271,Drucie Agglio,19-03-22,Sat,Prurana Qila,09:36,7
272,Yoko Gerin,06-03-22,Sun,Jantar Mantar,11:31,13
273,Rosy Hof,10-03-22,Thu,Qutub Minar,12:48,8
274,Orelia Benazet,22-03-22,Tue,Akshardham Temple,10:27,12
275,Noreen Danskine,05-03-22,Sat,Humayuns Tomb,11:54,2
276,Evita Hulks,03-03-22,Thu,Red Fort,12:16,12
277,Wynne Sprade,11-03-22,Fri,Jantar Mantar,15:43,9
278,Sib Donnan,24-03-22,Thu,Qutub Minar,14:44,5
279,Arturo Aronstein,11-03-22,Fri,Prurana Qila,11:12,12
280,Almeda Geldeard,07-03-22,Mon,Jantar Mantar,16:41,2
281,Filmore Elliston,22-03-22,Tue,Red Fort,09:43,14
282,Blake Malan,21-03-22,Mon,Akshardham Temple,11:10,13
283,Meade Dietzler,17-03-22,Thu,Red Fort,11:54,1
284,Mellisent Spino,17-03-22,Thu,Qutub Minar,13:33,11
285,Eben Verralls,07-03-22,Mon,Red Fort,15:48,6
286,Idalia Futty,16-03-22,Wed,Safdarjung Tomb,13:54,14
287,Clem Doers,02-03-22,Wed,Red Fort,13:36,3
288,Skippie Jodlkowski,16-03-22,Wed,Qutub Minar,12:51,10
289,Kirby Steven,05-03-22,Sat,Safdarjung Tomb,16:13,9
290,Stavros McAulay,02-03-22,Wed,Prurana Qila,13:50,11
291,Frasco MacGinley,13-03-22,Sun,Safdarjung Tomb,16:39,9
292,Sidney Heymann,15-03-22,Tue,Safdarjung Tomb,12:00,12
293,Tabbitha Bourdis,20-03-22,Sun,Safdarjung Tomb,09:22,2
294,Brock McHarry,15-03-22,Tue,Qutub Minar,15:52,9
295,Cherri Reddington,01-03-22,Tue,Safdarjung Tomb,16:19,9
296,Patrick Eagan,09-03-22,Wed,Jantar Mantar,14:56,1
297,Colleen Shoreson,24-03-22,Thu,Safdarjung Tomb,15:05,11
298,Filia Truder,05-03-22,Sat,Red Fort,13:42,1
299,Diandra Underhill,12-03-22,Sat,Prurana Qila,10:57,2
300,Rachael Bracco,21-03-22,Mon,Akshardham Temple,12:22,10
301,Eyde Watt,17-03-22,Thu,Qutub Minar,10:53,4
302,Veronica Waterhous,08-03-22,Tue,Qutub Minar,15:27,13
303,Lev Salack,20-03-22,Sun,Jantar Mantar,14:08,3
304,Selma Behninck,15-03-22,Tue,Red Fort,13:41,13
305,Kylie Zettoi,08-03-22,Tue,Akshardham Temple,09:10,10
306,Nancy McOwan,09-03-22,Wed,Red Fort,10:03,5
307,Aldin Tuohy,03-03-22,Thu,Qutub Minar,16:12,11
308,Chloris Kintish,23-03-22,Wed,Akshardham Temple,14:28,5
309,Olimpia Ivashinnikov,23-03-22,Wed,Jantar Mantar,13:37,10
310,Alfonso Mallia,21-03-22,Mon,Jantar Mantar,13:09,4
311,Allin Agirre,19-03-22,Sat,Humayuns Tomb,11:21,7
312,Hanna Stenyng,07-03-22,Mon,Prurana Qila,10:29,15
313,Roth Anderton,19-03-22,Sat,Jantar Mantar,15:55,12
314,Godard Fardoe,14-03-22,Mon,Red Fort,10:11,1
315,Glyn Drake,12-03-22,Sat,Safdarjung Tomb,13:53,8
316,Karina Moorton,07-03-22,Mon,Red Fort,15:48,11
317,Pail Nerne,08-03-22,Tue,Qutub Minar,10:47,11
318,Tedra Ragbourn,05-03-22,Sat,Red Fort,16:03,7
319,Darwin Renshell,20-03-22,Sun,Humayuns Tomb,16:29,13
320,Lauretta Piburn,07-03-22,Mon,Jantar Mantar,11:13,5
321,Stefano Wither,14-03-22,Mon,Jantar Mantar,09:03,8
322,Elset Myderscough,08-03-22,Tue,Jantar Mantar,13:56,5
323,Ester Best,11-03-22,Fri,Red Fort,09:30,5
324,Cherilynn Jansky,18-03-22,Fri,Red Fort,15:30,5
325,Marcia Beckers,06-03-22,Sun,Red Fort,10:00,8
326,Darbee Gleaves,20-03-22,Sun,Jantar Mantar,16:37,1
327,Cam Back,13-03-22,Sun,Qutub Minar,10:15,12
328,Claresta Jordeson,15-03-22,Tue,Safdarjung Tomb,13:49,8
329,Solomon Placide,12-03-22,Sat,Safdarjung Tomb,13:56,7
330,Feodor Pratten,02-03-22,Wed,Prurana Qila,15:26,11
331,Saloma Chess,17-03-22,Thu,Red Fort,16:51,1
332,Estrellita MacDermid,09-03-22,Wed,Prurana Qila,10:07,3
333,Margarita Brookbank,12-03-22,Sat,Prurana Qila,15:57,10
334,Astra Fysh,06-03-22,Sun,Jantar Mantar,15:58,4
335,Jenifer Dirkin,13-03-22,Sun,Prurana Qila,13:59,11
336,Harrietta Sanzio,04-03-22,Fri,Red Fort,11:11,11
337,Beverlee Ricket,17-03-22,Thu,Akshardham Temple,14:39,7
338,Annecorinne Bampfield,05-03-22,Sat,Jantar Mantar,12:20,4
339,Magdalen Giral,16-03-22,Wed,Jantar Mantar,12:54,10
340,Ophelie Gundry,20-03-22,Sun,Jantar Mantar,09:07,9
341,Jamal Hubbucks,12-03-22,Sat,Akshardham Temple,11:21,10
342,Lyndsie Blune,19-03-22,Sat,Humayuns Tomb,09:04,7
343,Viole Carley,06-03-22,Sun,Jantar Mantar,15:19,12
344,Alvy Armell,18-03-22,Fri,Safdarjung Tomb,11:28,13
345,Sherline Konke,17-03-22,Thu,Akshardham Temple,11:08,12
346,Elladine Colebeck,23-03-22,Wed,Humayuns Tomb,12:11,9
347,Adey Schwandner,01-03-22,Tue,Humayuns Tomb,13:59,11
348,Lezlie Eilert,18-03-22,Fri,Jantar Mantar,12:18,3
349,Aurelia Kenningley,17-03-22,Thu,Humayuns Tomb,15:36,9
350,Hastings Embling,06-03-22,Sun,Safdarjung Tomb,12:25,14
351,Cordie Androck,17-03-22,Thu,Red Fort,09:56,8
352,Burr Corry,08-03-22,Tue,Humayuns Tomb,14:01,2
353,Miller Beri,12-03-22,Sat,Humayuns Tomb,10:43,11
354,Rowe Ladyman,07-03-22,Mon,Jantar Mantar,11:53,12
355,Florance Exton,12-03-22,Sat,Qutub Minar,12:10,7
356,Hildegaard Parsons,24-03-22,Thu,Safdarjung Tomb,13:43,10
357,Birch Petrusch,18-03-22,Fri,Prurana Qila,10:04,5
358,Dallis Buesnel,14-03-22,Mon,Prurana Qila,13:46,2
359,Abbye Grimsey,13-03-22,Sun,Akshardham Temple,15:20,7
360,Gwenni Petrenko,19-03-22,Sat,Jantar Mantar,09:00,10
361,Tommie Merriday,16-03-22,Wed,Prurana Qila,13:25,2
362,Milli Huzzey,16-03-22,Wed,Humayuns Tomb,12:33,15
363,Giavani Hughlin,23-03-22,Wed,Safdarjung Tomb,12:11,6
364,Antonia Thebeaud,08-03-22,Tue,Akshardham Temple,16:18,9
365,Kliment Robbie,21-03-22,Mon,Qutub Minar,12:22,13
366,Keelby Willimont,11-03-22,Fri,Humayuns Tomb,15:50,10
367,Trixy Wathall,05-03-22,Sat,Jantar Mantar,15:16,10
368,Margi Tonbye,19-03-22,Sat,Akshardham Temple,14:23,14
369,Ky Cashman,01-03-22,Tue,Humayuns Tomb,12:50,14
370,Ramon Cutress,13-03-22,Sun,Safdarjung Tomb,09:05,6
371,Elnar Cessford,03-03-22,Thu,Akshardham Temple,11:26,14
372,Kessiah Geldeard,14-03-22,Mon,Prurana Qila,09:59,8
373,Fulton Abdey,07-03-22,Mon,Akshardham Temple,13:25,6
374,Wallace Serfati,19-03-22,Sat,Safdarjung Tomb,14:26,9
375,Hedy Carlino,20-03-22,Sun,Prurana Qila,15:47,13
376,Chanda Lindenstrauss,21-03-22,Mon,Humayuns Tomb,16:21,12
377,Tallulah Zecchini,07-03-22,Mon,Red Fort,14:44,4
378,Warren Caesman,18-03-22,Fri,Red Fort,16:08,6
379,Britte Cran,10-03-22,Thu,Jantar Mantar,09:00,8
380,Brittaney McLaverty,01-03-22,Tue,Akshardham Temple,11:53,12
381,Madalena Hoppner,09-03-22,Wed,Akshardham Temple,16:55,4
382,Lily MacNeice,14-03-22,Mon,Akshardham Temple,10:03,1
383,Fancie O'Hartnett,11-03-22,Fri,Akshardham Temple,13:23,12
384,Dennison Leser,24-03-22,Thu,Akshardham Temple,15:47,9
385,Cristie Dansken,21-03-22,Mon,Qutub Minar,16:38,13
386,Hermann Shovel,23-03-22,Wed,Red Fort,10:09,13
387,Zackariah Fettis,16-03-22,Wed,Red Fort,15:08,13
388,Moishe Garlinge,01-03-22,Tue,Akshardham Temple,11:07,15
389,Mikel Glassman,16-03-22,Wed,Prurana Qila,16:58,13
390,Lari Dron,05-03-22,Sat,Prurana Qila,11:07,8
391,Gibb Gritsaev,10-03-22,Thu,Humayuns Tomb,12:56,15
392,Tore Broadhead,06-03-22,Sun,Akshardham Temple,13:13,8
393,Robbie Berrey,10-03-22,Thu,Jantar Mantar,11:32,1
394,Faythe Daveridge,22-03-22,Tue,Qutub Minar,14:06,1
395,Pat Lingard,06-03-22,Sun,Safdarjung Tomb,12:09,2
396,Isa Steel,10-03-22,Thu,Safdarjung Tomb,12:25,3
397,Adriano Entres,18-03-22,Fri,Safdarjung Tomb,11:19,15
398,Gabriela MacLaughlin,24-03-22,Thu,Prurana Qila,12:59,7
399,Lilias Fairs,16-03-22,Wed,Red Fort,13:41,5
400,Archer Crocken,18-03-22,Fri,Akshardham Temple,11:48,8
401,Odessa Buret,15-03-22,Tue,Humayuns Tomb,15:12,3
402,Sorcha Huerta,04-03-22,Fri,Red Fort,16:05,6
403,Alysa Troker,10-03-22,Thu,Humayuns Tomb,09:31,5
404,Kennedy Rohlf,19-03-22,Sat,Qutub Minar,11:52,1
405,Brigitta Learmont,24-03-22,Thu,Safdarjung Tomb,12:31,6
406,Brande Pinnocke,23-03-22,Wed,Prurana Qila,14:53,3
407,Kora Semkins,07-03-22,Mon,Humayuns Tomb,12:41,15
408,Lindie Nel,13-03-22,Sun,Jantar Mantar,15:52,5
409,Nessi Brayson,12-03-22,Sat,Jantar Mantar,15:43,10
410,Sybyl Rosenfeld,17-03-22,Thu,Humayuns Tomb,16:17,11
411,Elysee Veljes,16-03-22,Wed,Akshardham Temple,16:46,3
412,Markos Mitchely,21-03-22,Mon,Jantar Mantar,12:49,6
413,Raymond Catlow,13-03-22,Sun,Qutub Minar,09:18,7
414,Jimmy Bleackly,01-03-22,Tue,Akshardham Temple,15:19,9
415,Emlyn Gayter,05-03-22,Sat,Red Fort,12:09,14
416,Edward Sokale,21-03-22,Mon,Red Fort,13:08,7
417,Fifine Josiah,04-03-22,Fri,Red Fort,10:38,11
418,Nicola Calken,16-03-22,Wed,Red Fort,09:39,4
419,Guntar Hugnin,24-03-22,Thu,Akshardham Temple,12:20,10
420,Philippine Clemanceau,24-03-22,Thu,Akshardham Temple,16:58,13
421,Merrielle Rawlcliffe,13-03-22,Sun,Safdarjung Tomb,14:33,2
422,Redd Francescozzi,23-03-22,Wed,Qutub Minar,12:23,12
423,Charis Huddy,02-03-22,Wed,Humayuns Tomb,11:25,3
424,Angelika Fryman,01-03-22,Tue,Qutub Minar,16:21,2
425,Rosamond Stading,08-03-22,Tue,Jantar Mantar,14:34,13
426,Dorris McKenna,13-03-22,Sun,Qutub Minar,16:18,10
427,Normand Whates,22-03-22,Tue,Jantar Mantar,13:46,7
428,Brenden Wibrow,06-03-22,Sun,Qutub Minar,14:41,10
429,Rosene Bullar,19-03-22,Sat,Humayuns Tomb,10:19,15
430,Muriel Alltimes,08-03-22,Tue,Prurana Qila,14:23,11
431,Donavon Branscombe,04-03-22,Fri,Akshardham Temple,15:01,8
432,Brit Glasspoole,01-03-22,Tue,Jantar Mantar,15:13,3
433,Isadore Lambdean,12-03-22,Sat,Jantar Mantar,13:20,7
434,Kathe Rimes,14-03-22,Mon,Akshardham Temple,11:49,5
435,Corrie McRannell,04-03-22,Fri,Akshardham Temple,10:12,8
436,Shaylynn Grevatt,21-03-22,Mon,Akshardham Temple,13:00,10
437,Gerrard Inott,07-03-22,Mon,Safdarjung Tomb,11:54,15
438,Waylon Michallat,10-03-22,Thu,Qutub Minar,16:32,10
439,Katherine Palmby,20-03-22,Sun,Akshardham Temple,14:18,10
440,Kaitlynn Sheriff,21-03-22,Mon,Jantar Mantar,16:25,14
441,Cy Dumphy,17-03-22,Thu,Red Fort,14:06,13
442,Dolf Willbond,05-03-22,Sat,Qutub Minar,15:01,1
443,Veriee Tiernan,04-03-22,Fri,Jantar Mantar,14:18,14
444,Saundra Swire,06-03-22,Sun,Red Fort,12:20,11
445,Felicdad Philimore,22-03-22,Tue,Humayuns Tomb,10:47,6
446,Florri Caselli,17-03-22,Thu,Safdarjung Tomb,11:16,10
447,Charla Reolfo,01-03-22,Tue,Red Fort,12:13,2
448,Yancey Rizziello,06-03-22,Sun,Prurana Qila,14:56,12
449,Muire Brambill,13-03-22,Sun,Akshardham Temple,12:10,10
450,Richard Hulke,01-03-22,Tue,Qutub Minar,09:39,5
451,Karla Bickerdyke,02-03-22,Wed,Prurana Qila,14:31,12
452,Faith Richel,20-03-22,Sun,Red Fort,15:24,8
453,Toddy Dessaur,12-03-22,Sat,Qutub Minar,13:17,14
454,Paolina MacKeller,12-03-22,Sat,Red Fort,10:44,3
455,Asia Montford,15-03-22,Tue,Red Fort,09:40,7
456,Freedman Hamman,17-03-22,Thu,Qutub Minar,13:43,12
457,Chanda Fedorchenko,18-03-22,Fri,Red Fort,11:27,1
458,Gisela Bragg,22-03-22,Tue,Humayuns Tomb,13:49,3
459,Yurik Hewertson,07-03-22,Mon,Prurana Qila,14:11,2
460,Dion Leggott,21-03-22,Mon,Prurana Qila,11:31,4
461,Umberto Clerc,07-03-22,Mon,Humayuns Tomb,10:42,3
462,Omar Fleote,24-03-22,Thu,Qutub Minar,11:08,15
463,Rivy Buckingham,09-03-22,Wed,Red Fort,13:21,12
464,Spencer Acory,05-03-22,Sat,Jantar Mantar,16:06,14
465,Nicolina Beeres,03-03-22,Thu,Jantar Mantar,13:26,15
466,Martino Ruane,17-03-22,Thu,Qutub Minar,10:16,6
467,Cherida Alcock,22-03-22,Tue,Red Fort,11:22,6
468,Josey Hylands,14-03-22,Mon,Humayuns Tomb,14:21,10
469,Charmian McCobb,22-03-22,Tue,Red Fort,16:54,1
470,Shoshanna Wetherhead,02-03-22,Wed,Qutub Minar,16:07,3
471,Maryanna Rolfo,13-03-22,Sun,Red Fort,11:40,9
472,Orion Shortell,23-03-22,Wed,Prurana Qila,12:06,14
473,Bronnie Ayling,05-03-22,Sat,Prurana Qila,09:03,5
474,Carly Evetts,16-03-22,Wed,Prurana Qila,16:50,11
475,Laetitia Wainscot,15-03-22,Tue,Humayuns Tomb,14:49,2
476,Elvyn Lockwood,19-03-22,Sat,Qutub Minar,15:25,8
477,Dianemarie Bigland,11-03-22,Fri,Prurana Qila,09:45,8
478,Sandy Frosdick,12-03-22,Sat,Red Fort,13:44,9
479,Lynde Lambal,24-03-22,Thu,Prurana Qila,16:00,13
480,Davidson McTurlough,04-03-22,Fri,Prurana Qila,13:42,10
481,Jillene Nicklen,20-03-22,Sun,Humayuns Tomb,13:40,10
482,Gisele Huxton,24-03-22,Thu,Red Fort,11:03,5
483,Kiley Gouldthorpe,06-03-22,Sun,Akshardham Temple,13:17,4
484,Tomi Rogan,11-03-22,Fri,Qutub Minar,13:25,8
485,Loni Yeoman,19-03-22,Sat,Red Fort,10:38,12
486,Feliks Cutchee,05-03-22,Sat,Qutub Minar,14:51,13
487,Sandye Cundy,04-03-22,Fri,Akshardham Temple,13:54,2
488,Carmina Shirer,03-03-22,Thu,Jantar Mantar,15:07,6
489,Averyl Malbon,14-03-22,Mon,Humayuns Tomb,15:30,10
490,Raye MacTrustam,12-03-22,Sat,Red Fort,10:52,9
491,Odille Retallick,23-03-22,Wed,Akshardham Temple,09:24,13
492,Sadella Paramor,02-03-22,Wed,Humayuns Tomb,12:34,14
493,Nat Tootin,04-03-22,Fri,Qutub Minar,13:09,3
494,Linus Labin,13-03-22,Sun,Prurana Qila,14:40,4
495,Dianna Pelzer,19-03-22,Sat,Humayuns Tomb,11:06,3
496,Savina Lantry,21-03-22,Mon,Humayuns Tomb,14:08,2
497,Dale Lyngsted,11-03-22,Fri,Jantar Mantar,16:00,11
498,Jocelyne Youde,20-03-22,Sun,Jantar Mantar,15:46,15
499,Ronald Doerrling,04-03-22,Fri,Safdarjung Tomb,10:30,12
500,Daisi Swarbrigg,05-03-22,Sat,Qutub Minar,11:01,4
501,Erena Veracruysse,18-03-22,Fri,Safdarjung Tomb,11:23,2
502,Charyl Whitworth,18-03-22,Fri,Akshardham Temple,16:56,15
503,Wells Marxsen,22-03-22,Tue,Prurana Qila,10:12,2
504,George Caron,03-03-22,Thu,Red Fort,16:34,15
505,Orin Denniss,18-03-22,Fri,Akshardham Temple,12:34,1
506,Elvina Fearnley,05-03-22,Sat,Jantar Mantar,10:41,12
507,Starlin Bothram,06-03-22,Sun,Prurana Qila,13:13,10
508,Anabel Jon,15-03-22,Tue,Prurana Qila,16:42,6
509,Duffie Trengove,20-03-22,Sun,Jantar Mantar,12:37,15
510,Abeu Gemelli,06-03-22,Sun,Akshardham Temple,11:37,12
511,Cordy Offill,13-03-22,Sun,Humayuns Tomb,16:37,6
512,Suzie Creaser,09-03-22,Wed,Humayuns Tomb,15:59,6
513,Celine Jewson,15-03-22,Tue,Qutub Minar,15:04,7
514,Giorgia Rootham,13-03-22,Sun,Humayuns Tomb,15:03,8
515,Tonia Mandry,15-03-22,Tue,Prurana Qila,13:01,4
516,Tomas Chessum,04-03-22,Fri,Safdarjung Tomb,11:33,8
517,Emylee Isard,24-03-22,Thu,Humayuns Tomb,09:12,14
518,Genvieve Azema,11-03-22,Fri,Safdarjung Tomb,11:04,10
519,Bernelle Blunden,01-03-22,Tue,Safdarjung Tomb,10:24,2
520,Rosetta Shefton,06-03-22,Sun,Jantar Mantar,09:18,5
521,Tabby Dericut,08-03-22,Tue,Akshardham Temple,16:49,7
522,Will Craigs,15-03-22,Tue,Akshardham Temple,12:19,1
523,Netta Paten,07-03-22,Mon,Safdarjung Tomb,11:34,10
524,Ermentrude Cawthorn,04-03-22,Fri,Jantar Mantar,14:37,14
525,Isacco Chucks,21-03-22,Mon,Humayuns Tomb,13:41,12
526,Goober Dowdell,07-03-22,Mon,Safdarjung Tomb,10:42,15
527,Feliza Fisbey,19-03-22,Sat,Red Fort,14:20,10
528,Dolf McCambrois,09-03-22,Wed,Jantar Mantar,11:33,9
529,Tani Capps,22-03-22,Tue,Jantar Mantar,15:59,11
530,Maggy McKinty,05-03-22,Sat,Qutub Minar,15:00,10
531,Pavia MacKaig,07-03-22,Mon,Safdarjung Tomb,16:29,10
532,Lawry Strevens,09-03-22,Wed,Jantar Mantar,14:47,6
533,Linc Burke,19-03-22,Sat,Prurana Qila,13:17,7
534,Elli Lote,06-03-22,Sun,Humayuns Tomb,12:02,5
535,Farleigh Huggons,09-03-22,Wed,Qutub Minar,12:52,1
536,Leshia Barrus,21-03-22,Mon,Safdarjung Tomb,11:59,1
537,Paolo Hendrich,21-03-22,Mon,Prurana Qila,16:46,8
538,D'arcy Neighbour,15-03-22,Tue,Qutub Minar,09:25,14
539,Gibb Kermath,18-03-22,Fri,Akshardham Temple,10:24,10
540,Lonna Varlow,22-03-22,Tue,Akshardham Temple,11:25,2
541,Keen Craighall,21-03-22,Mon,Akshardham Temple,09:23,3
542,Lester Creagh,08-03-22,Tue,Safdarjung Tomb,15:09,11
543,Gustie Austing,18-03-22,Fri,Akshardham Temple,09:58,6
544,Cecil Korneev,04-03-22,Fri,Humayuns Tomb,15:34,3
545,Bondie McGlue,17-03-22,Thu,Qutub Minar,15:23,10
546,Fayina Corsan,05-03-22,Sat,Prurana Qila,14:02,6
547,Creight Wretham,02-03-22,Wed,Safdarjung Tomb,11:42,15
548,Monica Stickings,09-03-22,Wed,Red Fort,13:56,13
549,Polly Massel,08-03-22,Tue,Safdarjung Tomb,09:31,6
550,Martin Bradden,06-03-22,Sun,Akshardham Temple,10:15,8
551,Phyllis Yeldon,20-03-22,Sun,Prurana Qila,10:43,5
552,Caprice Kleinhaus,12-03-22,Sat,Safdarjung Tomb,09:39,3
553,Kalie Sidebotham,22-03-22,Tue,Safdarjung Tomb,12:44,6
554,Quent Dolan,21-03-22,Mon,Humayuns Tomb,10:29,14
555,Shawna Roser,18-03-22,Fri,Jantar Mantar,12:26,1
556,Aldrich Cruwys,07-03-22,Mon,Qutub Minar,14:28,11
557,Candida Pacher,07-03-22,Mon,Red Fort,16:43,10
558,Fredia Toderi,18-03-22,Fri,Safdarjung Tomb,16:34,14
559,Denys Sanger,23-03-22,Wed,Humayuns Tomb,10:33,12
560,Neil Habbeshaw,06-03-22,Sun,Humayuns Tomb,09:29,3
561,Harwell Castanares,13-03-22,Sun,Prurana Qila,15:20,1
562,Blayne Whybray,23-03-22,Wed,Humayuns Tomb,12:42,3
563,Heda Reidshaw,03-03-22,Thu,Qutub Minar,09:26,13
564,Angelica Rodie,02-03-22,Wed,Safdarjung Tomb,09:19,12
565,Daisi McCreath,03-03-22,Thu,Akshardham Temple,10:55,12
566,Frannie Gianolo,21-03-22,Mon,Red Fort,15:55,2
567,Rayna Carpe,02-03-22,Wed,Safdarjung Tomb,13:09,12
568,Ben Benford,03-03-22,Thu,Qutub Minar,11:42,5
569,Letty Dessent,06-03-22,Sun,Prurana Qila,10:39,15
570,Breena Charnock,04-03-22,Fri,Jantar Mantar,09:06,4
571,Viole Base,08-03-22,Tue,Prurana Qila,14:14,15
572,Lynnet Molloy,10-03-22,Thu,Red Fort,09:21,11
573,Torry Waddell,20-03-22,Sun,Akshardham Temple,09:12,15
574,Nevsa Braunston,16-03-22,Wed,Akshardham Temple,16:27,14
575,Tamas Tesoe,06-03-22,Sun,Safdarjung Tomb,11:52,11
576,Kira Hagland,23-03-22,Wed,Red Fort,16:44,3
577,Edythe Liger,04-03-22,Fri,Humayuns Tomb,16:58,4
578,Buddie Manes,10-03-22,Thu,Humayuns Tomb,14:30,1
579,Herman Plumbley,20-03-22,Sun,Qutub Minar,12:06,1
580,Kaitlynn Shambrook,21-03-22,Mon,Red Fort,13:31,4
581,Sansone Reeve,24-03-22,Thu,Safdarjung Tomb,09:08,4
582,Goran Mc Menamin,16-03-22,Wed,Qutub Minar,09:51,12
583,Arda Worsley,03-03-22,Thu,Jantar Mantar,13:47,4
584,Hans Mustill,10-03-22,Thu,Jantar Mantar,12:55,15
585,Karilynn McIndoe,21-03-22,Mon,Akshardham Temple,12:10,7
586,Harman Rallin,06-03-22,Sun,Akshardham Temple,16:49,7
587,Kattie Cauldfield,10-03-22,Thu,Safdarjung Tomb,09:06,4
588,Rosaleen Binney,06-03-22,Sun,Red Fort,13:22,6
589,Bobina Packman,20-03-22,Sun,Akshardham Temple,09:08,15
590,Kizzee Kigelman,15-03-22,Tue,Red Fort,14:32,12
591,Isabel Haddleston,10-03-22,Thu,Qutub Minar,09:47,3
592,Linet Bladon,05-03-22,Sat,Red Fort,09:02,12
593,Joannes Franceschi,05-03-22,Sat,Jantar Mantar,10:44,10
594,Bond Aird,14-03-22,Mon,Prurana Qila,09:12,2
595,Marla Nevet,13-03-22,Sun,Akshardham Temple,13:51,13
596,Keefer Jowle,03-03-22,Thu,Safdarjung Tomb,15:42,2
597,Letitia Ethington,07-03-22,Mon,Humayuns Tomb,16:27,8
598,Deina Reary,09-03-22,Wed,Humayuns Tomb,09:27,7
599,Montague Kelwick,08-03-22,Tue,Qutub Minar,09:18,12
600,Gerri Aberhart,24-03-22,Thu,Jantar Mantar,12:00,14
601,Caril Housecraft,12-03-22,Sat,Jantar Mantar,11:01,1
602,Ermanno Dixey,21-03-22,Mon,Safdarjung Tomb,16:00,2
603,Michail Liddyard,24-03-22,Thu,Qutub Minar,09:45,5
604,Jeremy Skokoe,08-03-22,Tue,Akshardham Temple,09:50,8
605,Georges Rattray,05-03-22,Sat,Qutub Minar,14:32,15
606,Jack Batthew,21-03-22,Mon,Red Fort,16:27,11
607,Rolfe Pele,09-03-22,Wed,Safdarjung Tomb,09:40,6
608,Zane Sutty,17-03-22,Thu,Jantar Mantar,09:37,12
609,Fernandina Pullinger,17-03-22,Thu,Red Fort,11:27,15
610,Timothy Alexsandrov,20-03-22,Sun,Jantar Mantar,09:20,10
611,Ario Stavers,23-03-22,Wed,Jantar Mantar,10:56,14
612,Sansone Lesper,07-03-22,Mon,Qutub Minar,15:54,15
613,Sherwood Mullany,03-03-22,Thu,Safdarjung Tomb,11:50,15
614,Corliss Dabinett,17-03-22,Thu,Red Fort,13:00,9
615,Rollins Scane,22-03-22,Tue,Jantar Mantar,15:18,2
616,Carry McQuillan,06-03-22,Sun,Akshardham Temple,11:08,9
617,Jaime Beckitt,24-03-22,Thu,Red Fort,11:45,3
618,Mort Loakes,17-03-22,Thu,Safdarjung Tomb,16:39,5
619,Diarmid Shillaber,20-03-22,Sun,Qutub Minar,10:58,13
620,Jackquelin Fairnington,12-03-22,Sat,Qutub Minar,10:29,6
621,Ann Sawdy,13-03-22,Sun,Humayuns Tomb,15:20,3
622,Ginny Veelers,13-03-22,Sun,Jantar Mantar,16:37,3
623,Corty Santos,08-03-22,Tue,Akshardham Temple,09:07,8
624,Melicent Leakner,09-03-22,Wed,Qutub Minar,12:40,4
625,Bathsheba Gonzalo,11-03-22,Fri,Akshardham Temple,11:15,12
626,Torin Middlemass,13-03-22,Sun,Red Fort,10:19,15
627,Bondie Jeeks,12-03-22,Sat,Red Fort,11:05,9
628,Christal Lerwill,04-03-22,Fri,Red Fort,14:50,5
629,Lonee Bissett,22-03-22,Tue,Humayuns Tomb,11:51,4
630,Frazer Hinksen,16-03-22,Wed,Red Fort,15:36,4
631,Cecil Picheford,03-03-22,Thu,Jantar Mantar,16:51,1
632,Lyndell Kemball,12-03-22,Sat,Humayuns Tomb,14:46,1
633,Candis Barhem,02-03-22,Wed,Jantar Mantar,14:03,1
634,Roddy Pareman,11-03-22,Fri,Prurana Qila,12:24,12
635,Timi Fumagalli,19-03-22,Sat,Qutub Minar,09:41,9
636,Kerianne Oager,02-03-22,Wed,Safdarjung Tomb,09:08,11
637,Barty Duthie,22-03-22,Tue,Jantar Mantar,15:29,12
638,Mariska Hackelton,21-03-22,Mon,Qutub Minar,14:37,2
639,Ben Solway,17-03-22,Thu,Qutub Minar,10:06,3
640,Blanca Veljes,02-03-22,Wed,Prurana Qila,16:03,7
641,Ramona Shackel,23-03-22,Wed,Prurana Qila,09:24,8
642,Car Iacoviello,10-03-22,Thu,Humayuns Tomb,10:06,9
643,Alford Giacopelo,03-03-22,Thu,Qutub Minar,11:19,7
644,Marilyn Ploughwright,19-03-22,Sat,Humayuns Tomb,16:44,11
645,Jillana Gellert,05-03-22,Sat,Humayuns Tomb,16:10,8
646,Alejandra McGiffie,02-03-22,Wed,Prurana Qila,16:39,14
647,Harriet Fairbrace,14-03-22,Mon,Humayuns Tomb,12:39,15
648,Merrielle Robke,14-03-22,Mon,Prurana Qila,15:15,15
649,Ameline Whaplington,12-03-22,Sat,Red Fort,15:30,9
650,Odell Eyton,21-03-22,Mon,Qutub Minar,14:07,8
651,Leontine Brindle,13-03-22,Sun,Prurana Qila,09:14,1
652,Charyl Fattorini,16-03-22,Wed,Prurana Qila,11:56,12
653,Jule Sawyer,20-03-22,Sun,Safdarjung Tomb,10:36,11
654,Gayle Vivian,02-03-22,Wed,Humayuns Tomb,12:33,9
655,Shayla Chance,17-03-22,Thu,Red Fort,11:22,13
656,Bidget Brookwell,08-03-22,Tue,Prurana Qila,12:52,2
657,Homer Pearsey,10-03-22,Thu,Humayuns Tomb,11:25,7
658,Andee Cassey,16-03-22,Wed,Prurana Qila,09:09,14
659,Joice Keasley,06-03-22,Sun,Prurana Qila,13:55,11
660,Lorry Savill,21-03-22,Mon,Red Fort,15:28,15
661,Dalton Nicklinson,20-03-22,Sun,Red Fort,09:37,1
662,Winston Semmence,04-03-22,Fri,Safdarjung Tomb,12:02,5
663,Zach Medlen,05-03-22,Sat,Humayuns Tomb,16:51,3
664,Josie Shields,04-03-22,Fri,Jantar Mantar,13:40,10
665,Kassie Castanie,14-03-22,Mon,Qutub Minar,09:22,8
666,Berkeley Dunkinson,20-03-22,Sun,Humayuns Tomb,14:04,6
667,Shurlocke Readhead,22-03-22,Tue,Akshardham Temple,09:46,9
668,Angele Lapping,08-03-22,Tue,Akshardham Temple,14:19,12
669,Riki Endean,02-03-22,Wed,Humayuns Tomb,16:35,3
670,Ulrich Holdren,06-03-22,Sun,Jantar Mantar,15:40,1
671,Truman Jurkowski,16-03-22,Wed,Red Fort,13:57,3
672,Boone Hebner,05-03-22,Sat,Safdarjung Tomb,10:11,13
673,Thadeus Wontner,04-03-22,Fri,Qutub Minar,12:53,10
674,Kris Hevner,19-03-22,Sat,Qutub Minar,15:46,15
675,Gustavo Hatry,10-03-22,Thu,Humayuns Tomb,13:39,6
676,Paco Klimowski,09-03-22,Wed,Akshardham Temple,12:23,1
677,Manolo Kilbee,21-03-22,Mon,Jantar Mantar,16:49,1
678,Raddie Kenyam,01-03-22,Tue,Humayuns Tomb,16:25,6
679,Tommi Legrice,04-03-22,Fri,Safdarjung Tomb,16:32,10
680,Trudie Lecky,18-03-22,Fri,Qutub Minar,13:00,9
681,Annaliese Tassaker,07-03-22,Mon,Prurana Qila,16:53,4
682,Nerita Ropkins,23-03-22,Wed,Red Fort,13:52,1
683,Jonathan Chatel,23-03-22,Wed,Akshardham Temple,14:16,14
684,Terencio Pecht,07-03-22,Mon,Prurana Qila,09:20,13
685,Virginie Taffrey,13-03-22,Sun,Qutub Minar,14:44,6
686,Noreen Stayte,07-03-22,Mon,Jantar Mantar,13:08,9
687,Stephanie Laise,10-03-22,Thu,Jantar Mantar,16:08,8
688,Sullivan Eager,08-03-22,Tue,Humayuns Tomb,16:36,5
689,Micheline Olley,16-03-22,Wed,Prurana Qila,10:28,12
690,Maryellen Durran,02-03-22,Wed,Jantar Mantar,12:53,6
691,Bettye Davidofski,21-03-22,Mon,Prurana Qila,09:40,4
692,Theresa Singyard,22-03-22,Tue,Akshardham Temple,13:47,7
693,Viviene Rowe,18-03-22,Fri,Safdarjung Tomb,13:50,5
694,Nettle Basson,22-03-22,Tue,Qutub Minar,09:56,11
695,Alain Lempel,21-03-22,Mon,Safdarjung Tomb,13:37,12
696,Tedra Daniell,08-03-22,Tue,Prurana Qila,10:50,1
697,Vernor Eggers,18-03-22,Fri,Prurana Qila,14:36,14
698,Meriel Pirkis,21-03-22,Mon,Red Fort,14:38,9
699,Darcey Celler,14-03-22,Mon,Qutub Minar,14:23,7
700,Marc Wadforth,01-03-22,Tue,Safdarjung Tomb,10:36,12
701,Petrina Jarrelt,03-03-22,Thu,Red Fort,14:08,4
702,Jolene Mawby,14-03-22,Mon,Jantar Mantar,10:52,13
703,Dre Garrattley,09-03-22,Wed,Jantar Mantar,12:18,5
704,Amelita Shipman,10-03-22,Thu,Jantar Mantar,12:32,2
705,Sonnie Everleigh,11-03-22,Fri,Qutub Minar,14:41,5
706,Jenni Smoth,03-03-22,Thu,Red Fort,16:42,6
707,Kore Cathery,22-03-22,Tue,Red Fort,09:26,12
708,Brittney Victoria,09-03-22,Wed,Akshardham Temple,16:43,11
709,Becca Goodison,20-03-22,Sun,Humayuns Tomb,09:09,5
710,Gertrud Badrick,15-03-22,Tue,Qutub Minar,16:33,3
711,Toddy Fleckness,09-03-22,Wed,Qutub Minar,09:28,14
712,Gualterio Driscoll,23-03-22,Wed,Qutub Minar,16:10,6
713,Cherianne Tomaino,13-03-22,Sun,Humayuns Tomb,14:28,15
714,Trevor Scawen,17-03-22,Thu,Safdarjung Tomb,15:04,6
715,Kenna Barrett,22-03-22,Tue,Akshardham Temple,10:30,6
716,Zackariah Frayn,07-03-22,Mon,Jantar Mantar,14:00,2
717,Olva Albrecht,07-03-22,Mon,Akshardham Temple,11:08,2
718,Shelley Gullen,22-03-22,Tue,Prurana Qila,14:22,10
719,Ariel Kynder,15-03-22,Tue,Humayuns Tomb,15:06,5
720,Orville Penrose,01-03-22,Tue,Jantar Mantar,14:38,2
721,Conrade Andrusyak,23-03-22,Wed,Prurana Qila,11:05,12
722,Haley Berends,09-03-22,Wed,Safdarjung Tomb,11:52,5
723,Terrell Brownbill,07-03-22,Mon,Jantar Mantar,11:15,10
724,Gaelan Colyer,13-03-22,Sun,Safdarjung Tomb,10:24,5
725,Fitzgerald Redfearn,12-03-22,Sat,Safdarjung Tomb,11:29,12
726,Kesley Grimsdike,22-03-22,Tue,Red Fort,09:12,9
727,Rory Mosdall,05-03-22,Sat,Humayuns Tomb,14:31,5
728,Reinald Kench,18-03-22,Fri,Safdarjung Tomb,13:03,12
729,Pennie Outright,15-03-22,Tue,Red Fort,15:08,2
730,Antoni Bracher,15-03-22,Tue,Safdarjung Tomb,14:48,6
731,Vidovic Girault,12-03-22,Sat,Qutub Minar,09:47,4
732,Mindy Kiellor,17-03-22,Thu,Safdarjung Tomb,14:16,8
733,Krista Duly,20-03-22,Sun,Qutub Minar,14:33,8
734,Shani Barette,01-03-22,Tue,Humayuns Tomb,09:58,8
735,Shelden Victoria,05-03-22,Sat,Akshardham Temple,11:30,10
736,Sloan Kidstone,20-03-22,Sun,Qutub Minar,11:30,9
737,Alvy Staines,12-03-22,Sat,Red Fort,09:10,3
738,Prudy Coda,02-03-22,Wed,Safdarjung Tomb,09:10,9
739,Nels Rigolle,08-03-22,Tue,Humayuns Tomb,14:56,1
740,Andres Mourgue,21-03-22,Mon,Akshardham Temple,12:55,3
741,Ileana Hurl,02-03-22,Wed,Red Fort,16:46,2
742,Ferdinande Giannazzi,14-03-22,Mon,Qutub Minar,10:28,11
743,Theodoric Hands,16-03-22,Wed,Red Fort,09:18,11
744,Keenan Rosindill,01-03-22,Tue,Red Fort,12:00,8
745,Lynea Van Leijs,09-03-22,Wed,Humayuns Tomb,13:08,7
746,Andras McPheat,24-03-22,Thu,Safdarjung Tomb,13:42,8
747,Bendite Simioni,24-03-22,Thu,Safdarjung Tomb,14:01,14
748,Stephi Pople,17-03-22,Thu,Humayuns Tomb,13:11,10
749,Yard Catterick,22-03-22,Tue,Qutub Minar,11:28,1
750,Myca Colpus,06-03-22,Sun,Prurana Qila,10:42,2
751,Ugo Trenaman,02-03-22,Wed,Humayuns Tomb,11:13,12
752,Isac Ardron,07-03-22,Mon,Safdarjung Tomb,14:06,3
753,Sherry Westoll,08-03-22,Tue,Akshardham Temple,13:21,14
754,Archibold Hatch,04-03-22,Fri,Akshardham Temple,12:14,13
755,Agnes Hing,21-03-22,Mon,Safdarjung Tomb,12:17,4
756,Rochette Wilfling,18-03-22,Fri,Safdarjung Tomb,10:23,1
757,Erroll Hardaker,05-03-22,Sat,Qutub Minar,12:25,8
758,Lusa Berringer,23-03-22,Wed,Qutub Minar,12:37,7
759,Winifield Towler,21-03-22,Mon,Safdarjung Tomb,12:54,9
760,Norean Baty,13-03-22,Sun,Jantar Mantar,10:24,15
761,Ina Arden,02-03-22,Wed,Humayuns Tomb,09:50,8
762,Stuart Hryniewicki,13-03-22,Sun,Jantar Mantar,12:49,15
763,Jacquette Haskell,04-03-22,Fri,Prurana Qila,16:23,1
764,Blinnie Thorold,02-03-22,Wed,Qutub Minar,10:26,14
765,Sondra Rodgers,05-03-22,Sat,Red Fort,15:43,5
766,Yard Goodered,23-03-22,Wed,Jantar Mantar,15:51,9
767,Ekaterina Behninck,04-03-22,Fri,Humayuns Tomb,13:18,2
768,Julita Mackrell,07-03-22,Mon,Prurana Qila,10:34,9
769,Temple Goodby,01-03-22,Tue,Red Fort,14:14,1
770,Curr Buffey,15-03-22,Tue,Jantar Mantar,16:55,9
771,Arney Daouse,12-03-22,Sat,Qutub Minar,09:17,13
772,Virginia McDirmid,18-03-22,Fri,Akshardham Temple,09:17,5
773,Seamus Hammerman,10-03-22,Thu,Safdarjung Tomb,12:57,14
774,Rafael Arboine,06-03-22,Sun,Prurana Qila,15:07,14
775,Leighton Sackur,04-03-22,Fri,Humayuns Tomb,13:05,4
776,Alfredo Caukill,14-03-22,Mon,Jantar Mantar,16:41,14
777,Alejandro Rominov,05-03-22,Sat,Qutub Minar,15:36,13
778,Marietta Tinklin,06-03-22,Sun,Humayuns Tomb,15:53,2
779,Crysta Lindgren,01-03-22,Tue,Humayuns Tomb,09:14,1
780,Neall Folcarelli,19-03-22,Sat,Red Fort,16:24,15
781,Mufinella Necolds,09-03-22,Wed,Prurana Qila,15:56,2
782,Matthaeus Gobourn,21-03-22,Mon,Humayuns Tomb,13:02,8
783,Brent Pinson,14-03-22,Mon,Humayuns Tomb,10:53,15
784,Edmund Cords,23-03-22,Wed,Prurana Qila,14:08,15
785,Cleavland Kinloch,12-03-22,Sat,Humayuns Tomb,11:23,5
786,Corry France,21-03-22,Mon,Red Fort,10:51,8
787,Brigitta Bateson,11-03-22,Fri,Akshardham Temple,14:27,13
788,Aloysius McCaughen,12-03-22,Sat,Jantar Mantar,10:31,12
789,Boycie Hawkshaw,14-03-22,Mon,Humayuns Tomb,14:54,2
790,Maddi Jerson,12-03-22,Sat,Akshardham Temple,13:07,4
791,Dorian McKeown,20-03-22,Sun,Qutub Minar,16:46,12
792,Monroe Tigwell,18-03-22,Fri,Red Fort,09:47,12
793,Conn Lichtfoth,24-03-22,Thu,Qutub Minar,14:14,7
794,Waylon McDill,06-03-22,Sun,Safdarjung Tomb,09:10,6
795,Graig Duell,12-03-22,Sat,Jantar Mantar,11:28,11
796,Celle Monteath,18-03-22,Fri,Safdarjung Tomb,10:29,13
797,Wallache Joule,07-03-22,Mon,Akshardham Temple,16:30,1
798,Jard Abbets,13-03-22,Sun,Prurana Qila,14:26,6
799,Keefer Sillick,14-03-22,Mon,Qutub Minar,13:13,6
800,Andrej Stonelake,01-03-22,Tue,Prurana Qila,13:19,6
801,Dorisa Lethlay,17-03-22,Thu,Safdarjung Tomb,11:45,13
802,Les Butterfint,13-03-22,Sun,Safdarjung Tomb,14:08,1
803,Gweneth Round,04-03-22,Fri,Safdarjung Tomb,10:03,13
804,Giffie Verdy,21-03-22,Mon,Qutub Minar,11:03,11
805,Sydney Aronstam,24-03-22,Thu,Jantar Mantar,12:23,1
806,Odette Rotchell,16-03-22,Wed,Akshardham Temple,16:13,10
807,Harriet Foy,05-03-22,Sat,Jantar Mantar,11:56,2
808,Sofia Jendas,12-03-22,Sat,Jantar Mantar,12:15,7
809,Andy Blofield,20-03-22,Sun,Qutub Minar,14:22,3
810,Karyl Pindred,02-03-22,Wed,Akshardham Temple,16:50,11
811,Hayyim Instrell,01-03-22,Tue,Qutub Minar,15:15,2
812,Will Bonhan,22-03-22,Tue,Akshardham Temple,16:43,14
813,Kellen Roz,04-03-22,Fri,Akshardham Temple,10:47,8
814,Rolph Izak,22-03-22,Tue,Prurana Qila,16:27,13
815,Eduard Penney,18-03-22,Fri,Safdarjung Tomb,11:46,10
816,Emmit Spender,21-03-22,Mon,Prurana Qila,15:00,4
817,Brett Beadnall,13-03-22,Sun,Qutub Minar,09:46,13
818,Ermina Goning,24-03-22,Thu,Qutub Minar,10:02,2
819,Lora Caldero,18-03-22,Fri,Qutub Minar,13:08,11
820,Hilde Crier,07-03-22,Mon,Safdarjung Tomb,13:56,6
821,Thibaut Tackle,14-03-22,Mon,Red Fort,14:39,8
822,Tedmund Hellin,13-03-22,Sun,Jantar Mantar,11:03,11
823,Leonerd Lonnon,15-03-22,Tue,Qutub Minar,13:56,14
824,Aldo Kures,07-03-22,Mon,Red Fort,15:28,3
825,Mathias Lecointe,03-03-22,Thu,Humayuns Tomb,11:19,13
826,Laird Janas,08-03-22,Tue,Prurana Qila,16:03,8
827,Rog Wonfor,22-03-22,Tue,Red Fort,14:04,7
828,Luise Bowring,10-03-22,Thu,Red Fort,09:41,2
829,Oran Itzkin,14-03-22,Mon,Prurana Qila,11:11,14
830,Dacy Lottrington,07-03-22,Mon,Jantar Mantar,13:43,10
831,Steffane Kidson,02-03-22,Wed,Red Fort,14:31,15
832,Melva MacGillacolm,22-03-22,Tue,Qutub Minar,09:35,7
833,Herbie Geggie,21-03-22,Mon,Jantar Mantar,14:47,13
834,Dunc Wiltsher,23-03-22,Wed,Qutub Minar,13:13,5
835,Gilles Dorricott,08-03-22,Tue,Qutub Minar,16:52,13
836,Dur Petasch,14-03-22,Mon,Safdarjung Tomb,09:28,13
837,Kenneth Vizard,01-03-22,Tue,Prurana Qila,14:44,5
838,Perrine Cathesyed,24-03-22,Thu,Jantar Mantar,16:55,2
839,Oberon Elks,22-03-22,Tue,Safdarjung Tomb,13:03,7
840,Maurita Gerdes,03-03-22,Thu,Humayuns Tomb,11:30,8
841,Benedict Castelow,03-03-22,Thu,Red Fort,13:33,3
842,Whitby Scatchar,01-03-22,Tue,Jantar Mantar,13:43,5
843,Luther Wiltshire,09-03-22,Wed,Red Fort,09:14,8
844,Delcine Peterkin,11-03-22,Fri,Safdarjung Tomb,15:04,8
845,Dana Sandels,16-03-22,Wed,Akshardham Temple,11:53,8
846,Clayson Legrice,24-03-22,Thu,Humayuns Tomb,09:13,5
847,Mile Lundbeck,16-03-22,Wed,Safdarjung Tomb,11:58,3
848,Kit Mains,12-03-22,Sat,Safdarjung Tomb,16:38,11
849,Henri Franzettoini,20-03-22,Sun,Qutub Minar,12:37,4
850,Emlynn Isaq,15-03-22,Tue,Humayuns Tomb,16:15,8
851,Clari Adamo,19-03-22,Sat,Red Fort,14:35,12
852,Sonny Dunderdale,09-03-22,Wed,Safdarjung Tomb,09:40,11
853,Alistair Guess,13-03-22,Sun,Prurana Qila,14:00,9
854,Gabby Wybrew,23-03-22,Wed,Red Fort,16:43,3
855,Reece Choules,04-03-22,Fri,Humayuns Tomb,14:53,7
856,Hazel Goodsal,04-03-22,Fri,Prurana Qila,13:16,10
857,Johnathan Poge,13-03-22,Sun,Safdarjung Tomb,09:14,10
858,Killy Partleton,12-03-22,Sat,Prurana Qila,10:12,5
859,Hedwiga Wilderspoon,02-03-22,Wed,Akshardham Temple,15:31,10
860,Norris Yggo,17-03-22,Thu,Prurana Qila,14:30,1
861,Jacintha Yakovl,07-03-22,Mon,Red Fort,16:49,12
862,Syd Massey,24-03-22,Thu,Red Fort,11:43,9
863,Gwyneth Gregorin,19-03-22,Sat,Safdarjung Tomb,13:44,9
864,Glenn Nutman,12-03-22,Sat,Prurana Qila,09:49,7
865,Selia Edwards,13-03-22,Sun,Humayuns Tomb,12:39,14
866,Korrie Crennell,09-03-22,Wed,Akshardham Temple,15:33,5
867,Meaghan Bunch,02-03-22,Wed,Prurana Qila,16:55,14
868,Parry Tregido,10-03-22,Thu,Prurana Qila,11:22,9
869,Ainsley Wormleighton,01-03-22,Tue,Safdarjung Tomb,12:27,8
870,Zola Nye,16-03-22,Wed,Humayuns Tomb,13:37,8
871,Siegfried McKennan,01-03-22,Tue,Jantar Mantar,13:41,2
872,Fremont Aspinell,02-03-22,Wed,Safdarjung Tomb,11:03,7
873,Raynell Titterell,11-03-22,Fri,Qutub Minar,14:41,7
874,Branden Attock,24-03-22,Thu,Qutub Minar,13:05,13
875,Tilly Godby,09-03-22,Wed,Akshardham Temple,13:46,4
876,Simone Van Haeften,22-03-22,Tue,Jantar Mantar,13:46,6
877,Flin Toping,12-03-22,Sat,Safdarjung Tomb,14:02,6
878,Arlee Dikelin,02-03-22,Wed,Qutub Minar,16:27,14
879,Domenic Pound,21-03-22,Mon,Red Fort,16:38,14
880,Charin Inchbald,20-03-22,Sun,Prurana Qila,09:26,15
881,Linette Jonas,08-03-22,Tue,Red Fort,13:13,2
882,Melicent Ellcome,03-03-22,Thu,Red Fort,15:09,3
883,Corbett Street,15-03-22,Tue,Qutub Minar,12:26,9
884,Nicole Gieraths,02-03-22,Wed,Jantar Mantar,16:00,9
885,Bunny Moresby,20-03-22,Sun,Prurana Qila,10:39,12
886,Kele Handaside,22-03-22,Tue,Qutub Minar,14:04,12
887,Kimbell Semrad,12-03-22,Sat,Prurana Qila,11:09,9
888,Davon Walklot,02-03-22,Wed,Safdarjung Tomb,15:45,10
889,Lyndsey Bartholin,12-03-22,Sat,Jantar Mantar,12:35,15
890,Penrod Tuddall,19-03-22,Sat,Humayuns Tomb,13:01,2
891,Cleo Grichukhanov,24-03-22,Thu,Prurana Qila,10:54,14
892,Sharla Gregolotti,15-03-22,Tue,Red Fort,09:05,10
893,Galvin Joss,04-03-22,Fri,Safdarjung Tomb,11:08,12
894,Lewes Burle,20-03-22,Sun,Humayuns Tomb,10:33,2
895,Yalonda Stoven,04-03-22,Fri,Akshardham Temple,14:18,8
896,Alexandro Gencke,24-03-22,Thu,Red Fort,15:37,4
897,Seamus Ranshaw,13-03-22,Sun,Jantar Mantar,13:56,12
898,Otho Wilmut,08-03-22,Tue,Red Fort,16:29,2
899,Bogey Heck,10-03-22,Thu,Jantar Mantar,16:54,9
900,Margalit Jorgesen,22-03-22,Tue,Prurana Qila,10:23,11
901,Dede Strafen,19-03-22,Sat,Akshardham Temple,12:05,3
902,Kanya Wellum,14-03-22,Mon,Akshardham Temple,10:07,13
903,Gale Lumber,14-03-22,Mon,Red Fort,11:00,7
904,Felice Campelli,18-03-22,Fri,Prurana Qila,16:24,2
905,Harley Hugett,01-03-22,Tue,Red Fort,13:51,10
906,Ole Lancaster,13-03-22,Sun,Red Fort,16:15,14
907,Vanya Dallman,08-03-22,Tue,Jantar Mantar,09:08,3
908,Haven Trevett,01-03-22,Tue,Jantar Mantar,15:31,6
909,Kylynn Fitchett,24-03-22,Thu,Humayuns Tomb,16:44,3
910,Elora Bellis,18-03-22,Fri,Humayuns Tomb,12:22,13
911,Charin Bowery,15-03-22,Tue,Jantar Mantar,15:53,9
912,Erhart Kix,07-03-22,Mon,Qutub Minar,16:57,14
913,Rubina Harbar,24-03-22,Thu,Prurana Qila,10:30,11
914,Tabby Barense,03-03-22,Thu,Jantar Mantar,11:37,3
915,Kelci Wombwell,08-03-22,Tue,Qutub Minar,10:09,9
916,Ardyce Roast,21-03-22,Mon,Red Fort,15:15,9
917,Ingmar Croizier,05-03-22,Sat,Qutub Minar,09:36,2
918,Putnam Lavis,21-03-22,Mon,Humayuns Tomb,09:59,2
919,Marleen Eminson,22-03-22,Tue,Akshardham Temple,15:31,5
920,Obadias Leverington,01-03-22,Tue,Qutub Minar,16:08,4
921,Rhodia Ricca,07-03-22,Mon,Akshardham Temple,16:15,7
922,Berti Supple,10-03-22,Thu,Akshardham Temple,10:38,3
923,Kristina O'Reilly,06-03-22,Sun,Akshardham Temple,14:35,9
924,Esdras Cripwell,06-03-22,Sun,Humayuns Tomb,10:24,15
925,Arabel Baselli,08-03-22,Tue,Jantar Mantar,09:03,3
926,Carmon Reditt,13-03-22,Sun,Red Fort,11:54,11
927,Langston Mattussevich,06-03-22,Sun,Qutub Minar,15:41,7
928,Alfy Linsley,19-03-22,Sat,Jantar Mantar,13:31,12
929,Cindi Denerley,23-03-22,Wed,Jantar Mantar,12:20,5
930,Gardner Gilderoy,09-03-22,Wed,Qutub Minar,10:02,10
931,Rafa Birkett,22-03-22,Tue,Safdarjung Tomb,15:22,12
932,Madelin MacCorley,08-03-22,Tue,Red Fort,12:04,5
933,Candide Rolfini,11-03-22,Fri,Qutub Minar,15:37,13
934,Opaline Giabucci,12-03-22,Sat,Safdarjung Tomb,15:49,11
935,Hayes Ruzicka,16-03-22,Wed,Humayuns Tomb,16:51,10
936,Parker Kretchmer,17-03-22,Thu,Jantar Mantar,10:59,11
937,Denys Gawkroge,05-03-22,Sat,Humayuns Tomb,16:28,8
938,Billie Jope,06-03-22,Sun,Prurana Qila,14:44,13
939,Adorne Toone,13-03-22,Sun,Akshardham Temple,12:52,8
940,Lonnie Dibnah,03-03-22,Thu,Prurana Qila,12:03,10
941,Josephine Oldroyde,23-03-22,Wed,Safdarjung Tomb,09:11,7
942,Bambi Leversha,14-03-22,Mon,Akshardham Temple,09:54,8
943,Dominga Fisbburne,03-03-22,Thu,Jantar Mantar,14:50,12
944,Hattie Sant,08-03-22,Tue,Akshardham Temple,10:42,1
945,Nadiya Zorzenoni,06-03-22,Sun,Jantar Mantar,12:07,3
946,Reidar Lowdiane,03-03-22,Thu,Akshardham Temple,10:11,2
947,Gerti Sherwill,01-03-22,Tue,Jantar Mantar,11:11,3
948,Timothea Gilder,07-03-22,Mon,Safdarjung Tomb,15:34,1
949,Oriana Faich,17-03-22,Thu,Safdarjung Tomb,10:24,7
950,Arabel Itzkovwich,20-03-22,Sun,Red Fort,16:28,7
951,Noble Ruggen,02-03-22,Wed,Qutub Minar,16:30,8
952,Ellyn Dugget,12-03-22,Sat,Prurana Qila,16:49,15
953,Chilton Eastgate,15-03-22,Tue,Qutub Minar,15:32,6
954,Brigham Rackham,08-03-22,Tue,Jantar Mantar,10:47,14
955,Errol McNeilley,21-03-22,Mon,Qutub Minar,09:47,3
956,Gale Hedderly,04-03-22,Fri,Qutub Minar,10:46,3
957,Clara Petit,09-03-22,Wed,Red Fort,16:46,14
958,Korney Marder,16-03-22,Wed,Safdarjung Tomb,13:49,2
959,Sutherlan Kynston,06-03-22,Sun,Akshardham Temple,16:12,3
960,Tedi Tevelov,04-03-22,Fri,Red Fort,13:03,2
961,Gwenny Forestel,03-03-22,Thu,Humayuns Tomb,14:11,14
962,Christan Lownds,23-03-22,Wed,Prurana Qila,13:03,1
963,Ignaz Perry,13-03-22,Sun,Akshardham Temple,11:58,12
964,Humfried Downes,21-03-22,Mon,Safdarjung Tomb,14:56,7
965,Lelah McGinty,02-03-22,Wed,Safdarjung Tomb,10:42,11
966,Annabela Bointon,12-03-22,Sat,Jantar Mantar,10:28,6
967,Obed Prinnett,23-03-22,Wed,Jantar Mantar,09:45,15
968,Sauncho Mildenhall,06-03-22,Sun,Prurana Qila,12:47,13
969,Elsworth Jakoubek,14-03-22,Mon,Prurana Qila,10:57,8
970,Odo Boutton,09-03-22,Wed,Jantar Mantar,15:27,7
971,Flint Wyllie,24-03-22,Thu,Akshardham Temple,12:29,5
972,Peadar Pickavant,16-03-22,Wed,Red Fort,14:32,14
973,Chester Vandrill,06-03-22,Sun,Safdarjung Tomb,14:08,4
974,Genny Motion,08-03-22,Tue,Safdarjung Tomb,11:40,5
975,Hulda Lazenbury,20-03-22,Sun,Qutub Minar,12:12,6
976,Hinze Denys,11-03-22,Fri,Humayuns Tomb,10:41,1
977,Eydie Goldster,10-03-22,Thu,Red Fort,11:38,1
978,Sully Tremontana,07-03-22,Mon,Jantar Mantar,14:49,11
979,Cheri Marzellano,07-03-22,Mon,Red Fort,12:26,10
980,Virginia Fearey,19-03-22,Sat,Jantar Mantar,09:52,11
981,Matteo Lisett,16-03-22,Wed,Safdarjung Tomb,12:49,15
982,Horatio Renowden,06-03-22,Sun,Humayuns Tomb,15:08,3
983,Bernetta Daffey,24-03-22,Thu,Humayuns Tomb,14:58,14
984,Gregoor Tingly,13-03-22,Sun,Qutub Minar,11:41,2
985,Dael Scarce,16-03-22,Wed,Safdarjung Tomb,10:29,14
986,Allie Grevatt,03-03-22,Thu,Prurana Qila,12:28,9
987,Salomo Syce,02-03-22,Wed,Jantar Mantar,11:56,6
988,Norina Bakey,20-03-22,Sun,Humayuns Tomb,13:28,1
989,Marlow Gerram,06-03-22,Sun,Qutub Minar,09:51,7
990,Mozelle Margeram,17-03-22,Thu,Jantar Mantar,16:20,6
991,Feliza Moulds,15-03-22,Tue,Prurana Qila,12:39,3
992,Elizabeth Routham,13-03-22,Sun,Prurana Qila,14:18,8
993,Krystalle Lillow,19-03-22,Sat,Akshardham Temple,13:09,3
994,Jan Coton,12-03-22,Sat,Qutub Minar,10:01,12
995,Reinhold Ropking,17-03-22,Thu,Red Fort,15:24,10
996,Mohammed Roderham,21-03-22,Mon,Prurana Qila,13:20,13
997,Kary Lowen,23-03-22,Wed,Qutub Minar,15:36,8
998,Oswald Makiver,02-03-22,Wed,Qutub Minar,14:16,12
999,Logan Stambridge,13-03-22,Sun,Jantar Mantar,14:14,11
1000,Timmie Shillabeare,04-03-22,Fri,Jantar Mantar,11:21,4
